Rk,Player,Nation,Pos,Squad,Age,Born,MP,Starts,Min,Gls,Ast,PK,PKatt,CrdY,CrdR,Gls,Ast,G+A,G-PK,G+A-PK,xG,npxG,xA,xGp90,xAp90,xG+xA,npxGp90,npxG+xA,Matches
209,Gabriel Jesus,br BRA,FW,Manchester City,22,1997,24,13,"1,337",10,4,0,1,2,0,0.67,0.27,0.94,0.67,0.94,13.2,12.4,1.4,0.89,0.1,0.98,0.84,0.93,Matches
6,Sergio Aguero,ar ARG,FW,Manchester City,31,1988,22,17,"1,401",16,3,2,3,1,0,1.03,0.19,1.22,0.9,1.09,13.3,11,2.5,0.85,0.16,1.01,0.7,0.87,Matches
102,Kevin De Bruyne,be BEL,MF,Manchester City,28,1991,26,25,"2,156",8,17,0,0,2,0,0.33,0.71,1.04,0.33,1.04,4.9,4.9,13.4,0.2,0.56,0.76,0.2,0.76,Matches
388,Mohamed Salah,eg EGY,FW,Liverpool,27,1992,26,26,"2,250",16,6,3,3,1,0,0.64,0.24,0.88,0.52,0.76,14.3,12,5.6,0.57,0.23,0.8,0.48,0.71,Matches
268,Sadio Mane,sn SEN,FW,Liverpool,27,1992,26,24,"2,084",14,7,0,0,2,0,0.6,0.3,0.91,0.6,0.91,11.3,11.3,5.2,0.49,0.22,0.71,0.49,0.71,Matches
424,Raheem Sterling,eng ENG,FW,Manchester City,24,1994,24,23,"2,024",11,1,0,1,5,0,0.49,0.04,0.53,0.49,0.53,11.2,10.2,5.8,0.5,0.26,0.76,0.45,0.71,Matches
266,Riyad Mahrez,dz ALG,"FW,MF",Manchester City,28,1991,23,15,"1,385",7,8,0,0,0,0,0.45,0.52,0.97,0.45,0.97,3.9,3.9,7,0.25,0.46,0.71,0.25,0.71,Matches
3,Tammy Abraham,eng ENG,FW,Chelsea,21,1997,25,23,"1,945",13,3,0,0,2,0,0.6,0.14,0.74,0.6,0.74,11.8,11.8,2.2,0.55,0.1,0.65,0.55,0.65,Matches
137,Roberto Firmino,br BRA,"FW,MF",Liverpool,27,1991,29,27,"2,422",8,7,0,0,0,0,0.3,0.26,0.56,0.3,0.56,12.3,12.3,4.9,0.46,0.18,0.64,0.46,0.64,Matches
68,Dominic Calvert-Lewin,eng ENG,FW,Everton,22,1997,27,22,"1,912",13,1,0,0,7,0,0.61,0.05,0.66,0.61,0.66,12.3,12.3,0.9,0.58,0.04,0.62,0.58,0.62,Matches
201,Danny Ings,eng ENG,FW,Southampton,27,1992,29,23,"2,006",15,1,0,0,2,0,0.67,0.04,0.72,0.67,0.72,11.5,11.5,1.6,0.52,0.07,0.59,0.52,0.59,Matches
188,Son Heung-min,kr KOR,FW,Tottenham,27,1992,21,20,"1,748",9,7,0,1,0,2,0.46,0.36,0.82,0.46,0.82,7.2,6.3,4.9,0.37,0.25,0.62,0.33,0.58,Matches
358,Christian Pulisic,us USA,FW,Chelsea,20,1998,16,12,"1,076",5,2,0,0,0,0,0.42,0.17,0.59,0.42,0.59,4.9,4.9,2,0.41,0.17,0.58,0.41,0.58,Matches
210,Raul Jimenez,mx MEX,FW,Wolves,28,1991,29,28,"2,465",13,6,3,3,3,0,0.47,0.22,0.69,0.37,0.58,12.9,10.6,5.1,0.47,0.19,0.66,0.39,0.57,Matches
22,Michail Antonio,eng ENG,"FW,MF",West Ham,29,1990,15,10,"1,030",2,2,0,0,1,0,0.17,0.17,0.35,0.17,0.35,4.7,4.7,1.8,0.41,0.16,0.57,0.41,0.57,Matches
454,Jamie Vardy,eng ENG,FW,Leicester City,32,1987,26,25,"2,224",19,4,4,5,2,0,0.77,0.16,0.93,0.61,0.77,14.2,10.4,3.4,0.58,0.14,0.71,0.42,0.56,Matches
216,Diogo Jota,pt POR,"FW,MF",Wolves,22,1996,25,21,"1,773",6,1,0,0,3,0,0.3,0.05,0.36,0.3,0.36,8.5,8.5,2.6,0.43,0.13,0.56,0.43,0.56,Matches
406,David Silva,es ESP,MF,Manchester City,33,1986,19,16,"1,261",3,7,0,0,0,0,0.21,0.5,0.71,0.21,0.71,4.1,4.1,3.4,0.29,0.24,0.53,0.29,0.53,Matches
363,Marcus Rashford,eng ENG,FW,Manchester Utd,21,1997,22,22,"1,882",14,4,5,7,2,0,0.67,0.19,0.86,0.43,0.62,13.6,8.3,2.7,0.65,0.13,0.78,0.4,0.52,Matches
234,Alexandre Lacazette,fr FRA,FW,Arsenal,28,1991,20,15,"1,318",7,3,0,0,5,0,0.48,0.2,0.68,0.48,0.68,5.5,5.5,2.1,0.37,0.15,0.52,0.37,0.52,Matches
312,Lys Mousset,fr FRA,FW,Sheffield Utd,23,1996,23,10,"1,018",5,4,0,0,1,0,0.44,0.35,0.8,0.44,0.8,3.3,3.3,2.4,0.29,0.21,0.51,0.29,0.51,Matches
283,Oliver McBurnie,sco SCO,FW,Sheffield Utd,23,1996,26,15,"1,435",4,0,0,0,3,0,0.25,0,0.25,0.25,0.25,6.9,6.9,1.2,0.44,0.08,0.51,0.44,0.51,Matches
405,Bernardo Silva,pt POR,"FW,MF",Manchester City,24,1994,24,17,"1,498",5,5,0,0,5,0,0.3,0.3,0.6,0.3,0.6,4.6,4.6,3.8,0.28,0.23,0.5,0.28,0.5,Matches
26,Pierre-Emerick Aubameyang,ga GAB,FW,Arsenal,30,1989,26,26,"2,304",17,1,1,1,3,1,0.66,0.04,0.7,0.62,0.66,11.3,10.5,2,0.44,0.08,0.52,0.41,0.49,Matches
357,Teemu Pukki,fi FIN,FW,Norwich City,29,1990,28,28,"2,486",11,3,2,2,3,0,0.4,0.11,0.51,0.33,0.43,11.9,10.4,3.2,0.43,0.12,0.55,0.38,0.49,Matches
37,Harvey Barnes,eng ENG,MF,Leicester City,21,1997,27,20,"1,719",6,6,0,0,0,0,0.31,0.31,0.63,0.31,0.63,6.9,6.9,2.4,0.36,0.12,0.49,0.36,0.49,Matches
482,Chris Wood,nz NZL,FW,Burnley,27,1991,26,25,"2,069",11,1,0,0,1,0,0.48,0.04,0.52,0.48,0.52,10,10,0.8,0.44,0.04,0.47,0.44,0.47,Matches
367,Richarlison,br BRA,FW,Everton,22,1997,27,27,"2,358",10,3,0,0,5,0,0.38,0.11,0.5,0.38,0.5,7.4,7.4,4.9,0.28,0.19,0.47,0.28,0.47,Matches
287,David McGoldrick,ie IRL,FW,Sheffield Utd,31,1987,21,16,"1,361",0,2,0,0,2,0,0,0.13,0.13,0,0.13,5.6,5.6,1.6,0.37,0.1,0.47,0.37,0.47,Matches
273,Anthony Martial,fr FRA,FW,Manchester Utd,23,1995,23,22,"1,885",11,3,0,1,1,0,0.53,0.14,0.67,0.53,0.67,8.2,7.4,2.3,0.39,0.11,0.5,0.35,0.46,Matches
281,Neal Maupay,fr FRA,FW,Brighton,22,1996,28,23,"2,114",8,2,1,1,3,0,0.34,0.09,0.43,0.3,0.38,9.4,8.6,1.9,0.4,0.08,0.48,0.37,0.45,Matches
392,Ismaila Sarr,sn SEN,"FW,MF",Watford,21,1998,19,13,"1,226",5,3,0,0,1,0,0.37,0.22,0.59,0.37,0.59,4.9,4.9,1.3,0.36,0.09,0.45,0.36,0.45,Matches
255,Shane Long,ie IRL,FW,Southampton,32,1987,19,13,"1,141",2,2,0,0,0,0,0.16,0.16,0.32,0.16,0.32,4.5,4.5,1.2,0.35,0.09,0.45,0.35,0.45,Matches
479,Callum Wilson,eng ENG,FW,Bournemouth,27,1992,28,26,"2,350",8,0,0,0,9,0,0.31,0,0.31,0.31,0.31,8.9,8.9,2.2,0.34,0.08,0.43,0.34,0.43,Matches
13,Dele Alli,eng ENG,"MF,FW",Tottenham,23,1996,22,20,"1,764",8,4,1,1,2,0,0.41,0.2,0.61,0.36,0.56,7,6.2,2.2,0.36,0.11,0.47,0.32,0.43,Matches
264,James Maddison,eng ENG,MF,Leicester City,22,1996,28,27,"2,404",6,3,0,0,4,0,0.22,0.11,0.34,0.22,0.34,4.4,4.4,6.8,0.16,0.25,0.42,0.16,0.42,Matches
347,Ayoze Pérez,es ESP,"MF,FW",Leicester City,26,1993,25,21,"1,594",7,4,1,1,0,0,0.4,0.23,0.62,0.34,0.56,5.1,4.3,3,0.29,0.17,0.46,0.24,0.41,Matches
226,Joshua King,no NOR,"FW,MF",Bournemouth,27,1992,19,17,"1,467",4,2,1,1,0,0,0.25,0.12,0.37,0.18,0.31,4.8,4,2.7,0.29,0.16,0.46,0.25,0.41,Matches
171,Pascal Groß,de GER,"MF,FW",Brighton,28,1991,23,18,"1,492",2,4,0,0,2,0,0.12,0.24,0.36,0.12,0.36,1.8,1.8,4.9,0.11,0.3,0.41,0.11,0.41,Matches
343,Nicolas Pépé,ci CIV,FW,Arsenal,24,1995,24,17,"1,594",4,6,1,1,3,0,0.23,0.34,0.56,0.17,0.51,4.4,3.6,3.4,0.25,0.19,0.44,0.2,0.4,Matches
63,Emi Buendía,ar ARG,"FW,MF",Norwich City,22,1996,28,22,"2,016",0,7,0,0,4,0,0,0.31,0.31,0,0.31,2,2,6.9,0.09,0.31,0.4,0.09,0.4,Matches
106,Gerard Deulofeu,es ESP,FW,Watford,25,1994,28,25,"2,107",4,5,1,1,3,0,0.17,0.21,0.38,0.13,0.34,5.2,4.5,4.6,0.22,0.2,0.42,0.19,0.39,Matches
156,Anwar El Ghazi,nl NED,"FW,MF",Aston Villa,24,1995,25,21,"1,684",4,4,1,1,3,0,0.21,0.21,0.43,0.16,0.37,5.5,4.7,2.5,0.29,0.14,0.43,0.25,0.39,Matches
168,Jack Grealish,eng ENG,"FW,MF",Aston Villa,23,1995,26,26,"2,334",7,6,0,1,7,0,0.27,0.23,0.5,0.27,0.5,5.5,4.7,5.1,0.21,0.2,0.41,0.18,0.38,Matches
177,Sébastien Haller,fr FRA,FW,West Ham,25,1994,27,24,"2,148",7,1,0,0,1,0,0.29,0.04,0.34,0.29,0.34,7,7,1.9,0.29,0.08,0.38,0.29,0.38,Matches
103,Troy Deeney,eng ENG,FW,Watford,31,1988,18,17,"1,506",6,2,2,3,3,0,0.36,0.12,0.48,0.24,0.36,6.2,3.9,2.4,0.37,0.14,0.51,0.24,0.38,Matches
311,Lucas Moura,br BRA,"FW,MF",Tottenham,26,1992,27,18,"1,683",4,2,0,0,2,0,0.21,0.11,0.32,0.21,0.32,5.4,5.4,1.7,0.29,0.09,0.38,0.29,0.38,Matches
11,Trent Alexander-Arnold,eng ENG,DF,Liverpool,20,1998,29,28,"2,550",2,12,0,0,4,0,0.07,0.42,0.49,0.07,0.49,2.2,2.2,8.7,0.08,0.31,0.38,0.08,0.38,Matches
344,Andreas Pereira,br BRA,"MF,FW",Manchester Utd,23,1996,23,18,"1,453",1,3,0,0,3,0,0.06,0.19,0.25,0.06,0.25,2.3,2.3,3.6,0.14,0.22,0.37,0.14,0.37,Matches
219,Harry Kane,eng ENG,FW,Tottenham,26,1993,20,20,"1,780",11,2,2,2,2,0,0.56,0.1,0.66,0.46,0.56,6.9,5.4,1.8,0.35,0.09,0.44,0.27,0.36,Matches
310,Mason Mount,eng ENG,"MF,FW",Chelsea,20,1999,29,25,"2,302",6,4,0,0,3,0,0.23,0.16,0.39,0.23,0.39,5.8,5.8,3.3,0.23,0.13,0.36,0.23,0.36,Matches
71,Todd Cantwell,eng ENG,FW,Norwich City,21,1998,29,25,"2,080",6,2,0,0,4,0,0.26,0.09,0.35,0.26,0.35,5.6,5.6,2.6,0.24,0.11,0.36,0.24,0.36,Matches
476,Willian,br BRA,FW,Chelsea,30,1988,28,21,"1,929",5,5,1,1,3,0,0.23,0.23,0.47,0.19,0.42,3.6,2.9,4.6,0.17,0.21,0.38,0.13,0.35,Matches
446,Adama Traoré,es ESP,"FW,DF",Wolves,23,1996,28,22,"2,073",4,7,0,0,0,0,0.17,0.3,0.48,0.17,0.48,2.3,2.3,5.7,0.1,0.25,0.35,0.1,0.35,Matches
449,Leandro Trossard,be BEL,"FW,MF",Brighton,24,1994,23,16,"1,444",3,3,0,0,0,0,0.19,0.19,0.37,0.19,0.37,2.5,2.5,3,0.16,0.19,0.35,0.16,0.35,Matches
36,Ashley Barnes,at AUT,FW,Burnley,29,1989,19,17,"1,361",6,0,1,1,4,0,0.4,0,0.4,0.33,0.33,5.4,4.6,0.5,0.35,0.03,0.39,0.3,0.34,Matches
384,Allan Saint-Maximin,fr FRA,"MF,FW",Newcastle Utd,22,1997,18,15,"1,274",2,1,0,0,0,0,0.14,0.07,0.21,0.14,0.21,2.3,2.3,2.5,0.16,0.18,0.34,0.16,0.34,Matches
18,Felipe Anderson,br BRA,"MF,FW",West Ham,26,1993,22,19,"1,415",1,4,0,0,1,0,0.06,0.25,0.32,0.06,0.32,2.5,2.5,2.9,0.16,0.18,0.34,0.16,0.34,Matches
480,Harry Wilson,wal WAL,"MF,FW",Bournemouth,22,1997,23,19,"1,446",7,0,0,0,1,0,0.44,0,0.44,0.44,0.44,3.5,3.5,1.8,0.22,0.11,0.33,0.22,0.33,Matches
127,Christian Eriksen,dk DEN,"MF,FW",Tottenham,27,1992,20,10,"1,092",2,2,0,0,5,0,0.16,0.16,0.33,0.16,0.33,2,2,2,0.16,0.17,0.33,0.16,0.33,Matches
461,Theo Walcott,eng ENG,"MF,FW",Everton,30,1989,21,14,"1,070",1,2,0,0,1,0,0.08,0.17,0.25,0.08,0.25,2.3,2.3,1.7,0.19,0.14,0.33,0.19,0.33,Matches
413,Robert Snodgrass,sco SCO,"MF,FW",West Ham,31,1987,24,17,"1,511",5,5,0,0,4,0,0.3,0.3,0.6,0.3,0.6,2.5,2.5,2.8,0.15,0.17,0.32,0.15,0.32,Matches
145,Ryan Fraser,sco SCO,"MF,FW",Bournemouth,25,1994,28,21,"2,063",1,4,0,0,2,0,0.04,0.17,0.22,0.04,0.22,3.3,3.3,4,0.14,0.18,0.32,0.14,0.32,Matches
376,Jay Rodriguez,eng ENG,FW,Burnley,30,1989,28,12,"1,379",5,0,1,1,1,0,0.33,0,0.33,0.26,0.26,5.1,4.4,0.4,0.33,0.03,0.36,0.29,0.31,Matches
262,John Lundstram,eng ENG,MF,Sheffield Utd,25,1994,27,23,"2,069",4,3,0,0,4,0,0.17,0.13,0.3,0.17,0.3,4.3,4.3,2.7,0.19,0.12,0.31,0.19,0.31,Matches
202,Alex Iwobi,ng NGA,"MF,FW",Everton,23,1996,18,13,"1,170",1,0,0,0,0,0,0.08,0,0.08,0.08,0.08,2.1,2.1,2,0.16,0.15,0.31,0.16,0.31,Matches
364,Nathan Redmond,eng ENG,"MF,FW",Southampton,25,1994,23,23,"1,960",3,1,0,0,2,0,0.14,0.05,0.18,0.14,0.18,3.9,3.9,2.7,0.18,0.12,0.3,0.18,0.3,Matches
239,Manuel Lanzini,ar ARG,"MF,FW",West Ham,26,1993,19,12,"1,188",0,2,0,0,0,0,0,0.15,0.15,0,0.15,1.7,1.7,2.3,0.13,0.17,0.3,0.13,0.3,Matches
402,Jonjo Shelvey,eng ENG,MF,Newcastle Utd,27,1992,17,16,"1,342",5,0,0,0,2,0,0.34,0,0.34,0.34,0.34,1.8,1.8,2.4,0.12,0.16,0.29,0.12,0.29,Matches
205,Daniel James,wal WAL,FW,Manchester Utd,21,1997,27,25,"2,175",3,6,0,0,3,0,0.12,0.25,0.37,0.12,0.37,3.1,3.1,4,0.13,0.16,0.29,0.13,0.29,Matches
175,?lkay Gündo?an,de GER,MF,Manchester City,28,1990,25,17,"1,589",2,1,1,2,7,0,0.11,0.06,0.17,0.06,0.11,4.3,2.8,2.4,0.24,0.14,0.38,0.16,0.29,Matches
404,Gylfi Sigurðsson,is ISL,MF,Everton,29,1989,26,23,"1,998",1,2,0,0,3,0,0.05,0.09,0.14,0.05,0.14,3,3,3.5,0.14,0.16,0.29,0.14,0.29,Matches
140,Pablo Fornals,es ESP,MF,West Ham,23,1996,27,15,"1,464",2,5,0,0,2,0,0.12,0.31,0.43,0.12,0.43,2.5,2.5,2,0.16,0.12,0.28,0.16,0.28,Matches
28,Jordan Ayew,gh GHA,"FW,MF",Crystal Palace,27,1991,28,28,"2,393",8,1,0,0,5,0,0.3,0.04,0.34,0.3,0.34,5.7,5.7,1.6,0.21,0.06,0.27,0.21,0.27,Matches
138,John Fleck,sco SCO,MF,Sheffield Utd,27,1991,25,25,"2,189",5,2,0,0,7,0,0.21,0.08,0.29,0.21,0.29,3.4,3.4,3.2,0.14,0.13,0.27,0.14,0.27,Matches
438,Youri Tielemans,be BEL,MF,Leicester City,22,1997,28,24,"2,154",3,5,0,0,1,0,0.13,0.21,0.33,0.13,0.33,2.4,2.4,4.2,0.1,0.17,0.27,0.1,0.27,Matches
286,John McGinn,sco SCO,MF,Aston Villa,24,1994,18,18,"1,538",3,2,0,0,2,0,0.18,0.12,0.29,0.18,0.29,2.7,2.7,1.9,0.16,0.11,0.27,0.16,0.27,Matches
336,Alex Oxlade-Chamberlain,eng ENG,"MF,FW",Liverpool,25,1993,21,13,"1,108",3,0,0,0,1,0,0.24,0,0.24,0.24,0.24,2.3,2.3,1,0.19,0.08,0.27,0.19,0.27,Matches
307,Wesley Moraes,br BRA,FW,Aston Villa,22,1996,21,21,"1,790",5,1,0,1,3,0,0.25,0.05,0.3,0.25,0.3,5.2,4.3,0.9,0.26,0.04,0.31,0.22,0.26,Matches
113,Abdoulaye Doucouré,fr FRA,MF,Watford,26,1993,28,28,"2,450",4,2,0,0,8,0,0.15,0.07,0.22,0.15,0.22,4.1,4.1,2.6,0.15,0.1,0.25,0.15,0.25,Matches
290,Dwight McNeil,eng ENG,MF,Burnley,19,1999,29,29,"2,535",2,5,0,0,4,0,0.07,0.18,0.25,0.07,0.25,1.5,1.5,5.5,0.05,0.19,0.25,0.05,0.25,Matches
306,Aaron Mooy,au AUS,"MF,FW",Brighton,28,1990,22,20,"1,658",2,1,0,0,2,1,0.11,0.05,0.16,0.11,0.16,1.9,1.9,2.7,0.11,0.15,0.25,0.11,0.25,Matches
373,Andrew Robertson,sco SCO,DF,Liverpool,25,1994,28,27,"2,445",1,7,0,0,1,0,0.04,0.26,0.29,0.04,0.29,1.3,1.3,5.7,0.05,0.21,0.25,0.05,0.25,Matches
211,Joelinton,br BRA,FW,Newcastle Utd,22,1996,29,27,"2,237",1,2,0,0,6,0,0.04,0.08,0.12,0.04,0.12,3.9,3.9,2.2,0.16,0.09,0.25,0.16,0.25,Matches
448,Trézéguet,eg EGY,"FW,MF",Aston Villa,24,1994,24,13,"1,324",3,1,0,0,4,1,0.2,0.07,0.27,0.2,0.27,2.8,2.8,0.7,0.19,0.05,0.24,0.19,0.24,Matches
468,James Ward-Prowse,eng ENG,"MF,DF",Southampton,24,1994,29,29,"2,610",4,3,1,2,7,0,0.14,0.1,0.24,0.1,0.21,4.5,2.8,3.9,0.15,0.13,0.29,0.1,0.23,Matches
112,Matt Doherty,ie IRL,DF,Wolves,27,1992,27,24,"2,150",4,1,0,0,1,0,0.17,0.04,0.21,0.17,0.21,4.7,4.7,0.8,0.2,0.03,0.23,0.2,0.23,Matches
489,Wilfried Zaha,ci CIV,"MF,FW",Crystal Palace,26,1992,29,28,"2,545",3,3,0,0,4,0,0.11,0.11,0.21,0.11,0.21,4,4,2.4,0.14,0.08,0.23,0.14,0.23,Matches
29,César Azpilicueta,es ESP,DF,Chelsea,29,1989,27,27,"2,420",2,3,0,0,0,0,0.07,0.11,0.19,0.07,0.19,1.5,1.5,4.6,0.06,0.17,0.23,0.06,0.23,Matches
337,Mesut Özil,de GER,MF,Arsenal,30,1988,18,18,"1,449",1,2,0,0,1,0,0.06,0.12,0.19,0.06,0.19,1.4,1.4,2.3,0.09,0.14,0.23,0.09,0.23,Matches
108,Lucas Digne,fr FRA,DF,Everton,26,1993,26,26,"2,245",0,5,0,0,2,0,0,0.2,0.2,0,0.2,1.1,1.1,4.6,0.04,0.18,0.23,0.04,0.23,Matches
415,Dominic Solanke,eng ENG,"FW,MF",Bournemouth,21,1997,24,12,"1,179",0,1,0,0,1,0,0,0.08,0.08,0,0.08,2.1,2.1,1,0.16,0.07,0.23,0.16,0.23,Matches
23,Stuart Armstrong,sco SCO,MF,Southampton,27,1992,21,12,"1,140",3,0,0,0,3,0,0.24,0,0.24,0.24,0.24,2,2,0.9,0.16,0.07,0.22,0.16,0.22,Matches
49,Bernard,br BRA,"MF,FW",Everton,26,1992,19,13,"1,023",3,2,0,0,2,0,0.26,0.18,0.44,0.26,0.44,1,1,1.5,0.08,0.13,0.22,0.08,0.22,Matches
14,Miguel Almirón,py PAR,"FW,MF",Newcastle Utd,25,1994,28,28,"2,380",2,1,0,0,5,0,0.08,0.04,0.11,0.08,0.11,5.2,5.2,0.8,0.2,0.03,0.22,0.2,0.22,Matches
313,João Moutinho,pt POR,MF,Wolves,32,1986,29,27,"2,436",1,6,0,0,5,0,0.04,0.22,0.26,0.04,0.26,0.8,0.8,5.3,0.03,0.19,0.22,0.03,0.22,Matches
51,Ryan Bertrand,eng ENG,DF,Southampton,29,1989,24,23,"2,023",1,1,0,0,3,1,0.04,0.04,0.09,0.04,0.09,1.8,1.8,3.1,0.08,0.14,0.22,0.08,0.22,Matches
220,N'Golo Kanté,fr FRA,MF,Chelsea,28,1991,18,16,"1,385",3,0,0,0,3,0,0.19,0,0.19,0.19,0.19,1.5,1.5,1.8,0.1,0.11,0.21,0.1,0.21,Matches
346,Roberto Pereyra,ar ARG,"FW,MF",Watford,28,1991,23,13,"1,327",3,0,1,1,3,0,0.2,0,0.2,0.14,0.14,2.2,1.5,1.7,0.15,0.11,0.27,0.1,0.21,Matches
419,Jack Stacey,eng ENG,DF,Bournemouth,23,1996,12,12,"1,068",0,2,0,0,2,0,0,0.17,0.17,0,0.17,0.3,0.3,2.1,0.03,0.18,0.21,0.03,0.21,Matches
471,Ashley Westwood,eng ENG,MF,Burnley,29,1990,26,26,"2,340",2,5,0,0,9,0,0.08,0.19,0.27,0.08,0.27,1.1,1.1,4,0.04,0.15,0.2,0.04,0.2,Matches
146,Fred,br BRA,MF,Manchester Utd,26,1993,25,22,"2,027",0,0,0,0,7,0,0,0,0,0,0,1.7,1.7,2.8,0.07,0.12,0.2,0.07,0.2,Matches
386,Bukayo Saka,eng ENG,"DF,FW",Arsenal,17,2001,18,12,"1,174",0,3,0,0,4,0,0,0.23,0.23,0,0.23,0.7,0.7,1.9,0.05,0.14,0.2,0.05,0.2,Matches
338,Emerson Palmieri,it ITA,DF,Chelsea,24,1994,14,13,"1,023",0,0,0,0,3,0,0,0,0,0,0,0.9,0.9,1.4,0.08,0.12,0.2,0.08,0.2,Matches
183,Jordan Henderson,eng ENG,MF,Liverpool,29,1990,25,22,"1,891",3,5,0,0,1,0,0.14,0.24,0.38,0.14,0.38,1.1,1.1,2.8,0.05,0.14,0.19,0.05,0.19,Matches
195,Will Hughes,eng ENG,MF,Watford,24,1995,21,18,"1,516",1,1,0,0,4,0,0.06,0.06,0.12,0.06,0.12,2.3,2.3,0.8,0.14,0.05,0.19,0.14,0.19,Matches
207,Reece James,eng ENG,DF,Chelsea,19,1999,17,11,"1,065",0,2,0,0,1,0,0,0.17,0.17,0,0.17,0.5,0.5,1.8,0.04,0.15,0.19,0.04,0.19,Matches
345,Ricardo Pereira,pt POR,DF,Leicester City,25,1993,28,28,"2,520",3,2,0,0,1,0,0.11,0.07,0.18,0.11,0.18,1.2,1.2,3.8,0.04,0.13,0.18,0.04,0.18,Matches
442,Lucas Torreira,uy URU,MF,Arsenal,23,1996,24,15,"1,371",1,1,0,0,4,0,0.07,0.07,0.13,0.07,0.13,1.6,1.6,1.1,0.1,0.07,0.17,0.1,0.17,Matches
425,Enda Stevens,ie IRL,DF,Sheffield Utd,29,1990,28,28,"2,446",2,2,0,0,5,0,0.07,0.07,0.15,0.07,0.15,0.8,0.8,3.5,0.03,0.13,0.16,0.03,0.16,Matches
79,Ben Chilwell,eng ENG,DF,Leicester City,22,1996,23,23,"2,060",2,3,0,0,2,0,0.09,0.13,0.22,0.09,0.22,0.8,0.8,2.9,0.03,0.13,0.16,0.03,0.16,Matches
408,Moussa Sissoko,fr FRA,MF,Tottenham,29,1989,20,19,"1,690",2,1,0,0,6,0,0.11,0.05,0.16,0.11,0.16,2,2,1,0.11,0.05,0.16,0.11,0.16,Matches
335,Nicolás Otamendi,ar ARG,DF,Manchester City,31,1988,19,15,"1,413",2,0,0,0,3,0,0.13,0,0.13,0.13,0.13,2.3,2.3,0.2,0.15,0.01,0.16,0.15,0.16,Matches
328,Oliver Norwood,nir NIR,MF,Sheffield Utd,28,1991,28,28,"2,382",1,0,1,1,6,0,0.04,0,0.04,0,0,1.5,0.7,3.4,0.06,0.13,0.18,0.03,0.16,Matches
433,Matt Targett,eng ENG,DF,Aston Villa,23,1995,20,20,"1,691",1,2,0,0,3,0,0.05,0.11,0.16,0.05,0.16,0.4,0.4,2.7,0.02,0.14,0.16,0.02,0.16,Matches
231,Mateo Kova?i?,hr CRO,MF,Chelsea,25,1994,25,18,"1,683",1,3,0,0,7,0,0.05,0.16,0.21,0.05,0.21,1.1,1.1,1.8,0.06,0.1,0.16,0.06,0.16,Matches
282,James McArthur,sco SCO,MF,Crystal Palace,31,1987,28,28,"2,433",0,3,0,0,5,0,0,0.11,0.11,0,0.11,2.2,2.2,2.3,0.08,0.08,0.16,0.08,0.16,Matches
214,Jorginho,it ITA,MF,Chelsea,27,1991,26,23,"2,015",4,2,3,3,10,0,0.18,0.09,0.27,0.04,0.13,3.5,1.2,2.2,0.16,0.1,0.25,0.05,0.15,Matches
261,Douglas Luiz,br BRA,MF,Aston Villa,21,1998,26,18,"1,714",3,2,0,0,4,0,0.16,0.11,0.26,0.16,0.26,2.1,2.1,0.8,0.11,0.04,0.15,0.11,0.15,Matches
121,Lewis Dunk,eng ENG,DF,Brighton,27,1991,27,27,"2,430",2,3,0,0,9,0,0.07,0.11,0.19,0.07,0.19,3.1,3.1,0.9,0.12,0.03,0.15,0.12,0.15,Matches
196,Pierre Højbjerg,dk DEN,MF,Southampton,23,1995,28,27,"2,447",0,1,0,0,5,0,0,0.04,0.04,0,0.04,2.2,2.2,1.8,0.08,0.07,0.15,0.08,0.15,Matches
2,Max Aarons,eng ENG,DF,Norwich City,19,2000,27,27,"2,430",0,1,0,0,6,0,0,0.04,0.04,0,0.04,0.5,0.5,3.5,0.02,0.13,0.15,0.02,0.15,Matches
1,Patrick van Aanholt,nl NED,DF,Crystal Palace,28,1990,22,22,"1,894",3,0,1,1,0,0,0.14,0,0.14,0.1,0.1,1.8,1,1.8,0.09,0.09,0.17,0.05,0.14,Matches
53,Philip Billing,dk DEN,MF,Bournemouth,23,1996,27,25,"2,166",1,1,0,0,7,0,0.04,0.04,0.08,0.04,0.08,2,2,1.3,0.08,0.05,0.14,0.08,0.14,Matches
32,Fabián Balbuena,py PAR,DF,West Ham,27,1991,13,12,"1,080",1,0,0,0,2,0,0.08,0,0.08,0.08,0.08,1.7,1.7,0,0.14,0,0.14,0.14,0.14,Matches
191,Mason Holgate,eng ENG,DF,Everton,22,1996,22,19,"1,731",0,3,0,0,4,0,0,0.16,0.16,0,0.16,2.2,2.2,0.5,0.12,0.03,0.14,0.12,0.14,Matches
228,Sead Kolašinac,ba BIH,DF,Arsenal,26,1993,17,13,"1,107",0,2,0,0,3,0,0,0.16,0.16,0,0.16,0.7,0.7,1,0.06,0.08,0.14,0.06,0.14,Matches
8,Nathan Aké,nl NED,DF,Bournemouth,24,1995,23,23,"2,015",2,1,0,0,1,0,0.09,0.04,0.13,0.09,0.13,2.3,2.3,0.6,0.1,0.03,0.13,0.1,0.13,Matches
385,Romain Saïss,ma MAR,DF,Wolves,29,1990,25,23,"1,985",2,1,0,0,10,1,0.09,0.05,0.14,0.09,0.14,2.3,2.3,0.5,0.1,0.02,0.13,0.1,0.13,Matches
356,Davy Pröpper,nl NED,MF,Brighton,27,1991,26,26,"2,340",1,2,0,0,4,0,0.04,0.08,0.12,0.04,0.12,1.4,1.4,2,0.05,0.08,0.13,0.05,0.13,Matches
27,Serge Aurier,ci CIV,DF,Tottenham,26,1992,24,22,"1,914",1,4,0,0,3,1,0.05,0.19,0.24,0.05,0.24,0.5,0.5,2.4,0.02,0.11,0.13,0.02,0.13,Matches
99,Tom Davies,eng ENG,MF,Everton,21,1998,21,15,"1,368",1,0,0,0,7,0,0.07,0,0.07,0.07,0.07,1.7,1.7,0.3,0.11,0.02,0.13,0.11,0.13,Matches
119,Shane Duffy,ie IRL,DF,Brighton,27,1992,15,11,"1,071",1,0,0,0,1,0,0.08,0,0.08,0.08,0.08,1.5,1.5,0,0.13,0,0.13,0.13,0.13,Matches
330,Jack O'Connell,eng ENG,DF,Sheffield Utd,25,1994,28,28,"2,520",0,1,0,0,3,0,0,0.04,0.04,0,0.04,1.3,1.3,2.2,0.05,0.08,0.13,0.05,0.13,Matches
304,Martín Montoya,es ESP,DF,Brighton,28,1991,23,21,"1,711",0,1,0,0,5,0,0,0.05,0.05,0,0.05,1.2,1.2,1.3,0.07,0.07,0.13,0.07,0.13,Matches
414,Cédric Soares,pt POR,DF,Southampton,27,1991,16,16,"1,309",0,1,0,0,1,0,0,0.07,0.07,0,0.07,0.6,0.6,1.2,0.04,0.09,0.13,0.04,0.13,Matches
267,Ainsley Maitland-Niles,eng ENG,DF,Arsenal,21,1997,14,14,"1,210",0,2,0,0,5,1,0,0.15,0.15,0,0.15,0.2,0.2,1.5,0.02,0.11,0.13,0.02,0.13,Matches
16,Steven Alzate,co COL,"MF,DF",Brighton,20,1998,19,12,"1,183",0,0,0,0,1,0,0,0,0,0,0,1,1,0.7,0.07,0.05,0.13,0.07,0.13,Matches
291,Scott McTominay,sco SCO,MF,Manchester Utd,22,1996,20,18,"1,549",4,1,0,0,2,0,0.23,0.06,0.29,0.23,0.29,1.4,1.4,0.7,0.08,0.04,0.12,0.08,0.12,Matches
299,Yerry Mina,co COL,DF,Everton,24,1994,25,23,"2,085",2,1,0,0,3,0,0.09,0.04,0.13,0.09,0.13,2.6,2.6,0.2,0.11,0.01,0.12,0.11,0.12,Matches
297,Luka Milivojevi?,rs SRB,MF,Crystal Palace,28,1991,23,22,"1,986",2,1,2,2,9,0,0.09,0.05,0.14,0,0.05,2.1,0.6,2,0.1,0.09,0.18,0.03,0.12,Matches
230,Cheikhou Kouyaté,sn SEN,MF,Crystal Palace,29,1989,27,23,"1,993",1,1,0,0,2,0,0.05,0.05,0.09,0.05,0.09,1.8,1.8,0.9,0.08,0.04,0.12,0.08,0.12,Matches
78,Calum Chambers,eng ENG,DF,Arsenal,24,1995,14,13,"1,103",1,1,0,0,5,0,0.08,0.08,0.16,0.08,0.16,0.6,0.6,0.8,0.05,0.06,0.12,0.05,0.12,Matches
368,Diego Rico,es ESP,DF,Bournemouth,26,1993,21,21,"1,795",0,2,0,0,6,0,0,0.1,0.1,0,0.1,0.3,0.3,2,0.02,0.1,0.12,0.02,0.12,Matches
403,Djibril Sidibé,fr FRA,DF,Everton,27,1992,21,17,"1,641",0,4,0,0,3,0,0,0.22,0.22,0,0.22,0.3,0.3,2,0.02,0.11,0.12,0.02,0.12,Matches
257,Sean Longstaff,eng ENG,MF,Newcastle Utd,21,1997,21,13,"1,298",0,1,0,0,2,1,0,0.07,0.07,0,0.07,0.8,0.8,0.9,0.06,0.06,0.12,0.06,0.12,Matches
65,Sam Byram,eng ENG,DF,Norwich City,25,1993,17,15,"1,293",0,0,0,0,4,0,0,0,0,0,0,1.3,1.3,0.5,0.09,0.04,0.12,0.09,0.12,Matches
473,Georginio Wijnaldum,nl NED,MF,Liverpool,28,1990,28,28,"2,332",3,0,0,0,0,0,0.12,0,0.12,0.12,0.12,1.8,1.8,1,0.07,0.04,0.11,0.07,0.11,Matches
92,Aaron Cresswell,eng ENG,DF,West Ham,29,1989,23,23,"2,025",3,0,0,0,7,0,0.13,0,0.13,0.13,0.13,1.2,1.2,1.3,0.05,0.06,0.11,0.05,0.11,Matches
184,Jeff Hendrick,ie IRL,MF,Burnley,27,1992,24,22,"1,935",2,2,0,0,8,0,0.09,0.09,0.19,0.09,0.19,1.7,1.7,0.8,0.08,0.04,0.11,0.08,0.11,Matches
474,Jetro Willems,nl NED,DF,Newcastle Utd,25,1994,19,18,"1,498",2,2,0,0,0,0,0.12,0.12,0.24,0.12,0.24,0.6,0.6,1.3,0.03,0.08,0.11,0.03,0.11,Matches
434,James Tarkowski,eng ENG,DF,Burnley,26,1992,29,29,"2,610",1,1,0,0,8,0,0.03,0.03,0.07,0.03,0.07,1.6,1.6,1.6,0.05,0.05,0.11,0.05,0.11,Matches
289,Kenny McLean,sco SCO,MF,Norwich City,27,1992,28,25,"2,289",1,1,0,0,4,0,0.04,0.04,0.08,0.04,0.08,1.4,1.4,1.6,0.05,0.06,0.11,0.05,0.11,Matches
180,Isaac Hayden,eng ENG,MF,Newcastle Utd,24,1995,24,23,"1,968",1,1,0,0,4,1,0.05,0.05,0.09,0.05,0.09,0.9,0.9,1.5,0.04,0.07,0.11,0.04,0.11,Matches
247,Jefferson Lerma,co COL,MF,Bournemouth,24,1994,24,22,"1,945",1,2,0,0,11,1,0.05,0.09,0.14,0.05,0.14,0.8,0.8,1.6,0.04,0.07,0.11,0.04,0.11,Matches
462,Kyle Walker,eng ENG,DF,Manchester City,29,1990,21,21,"1,809",1,2,0,0,4,0,0.05,0.1,0.15,0.05,0.15,0.8,0.8,1.5,0.04,0.07,0.11,0.04,0.11,Matches
465,Aaron Wan-Bissaka,eng ENG,DF,Manchester Utd,21,1997,26,26,"2,331",0,2,0,0,5,0,0,0.08,0.08,0,0.08,0.4,0.4,2.4,0.01,0.09,0.11,0.01,0.11,Matches
72,Étienne Capoue,fr FRA,MF,Watford,31,1988,24,24,"2,140",0,2,0,0,7,0,0,0.08,0.08,0,0.08,0.8,0.8,1.9,0.03,0.08,0.11,0.03,0.11,Matches
109,Virgil van Dijk,nl NED,DF,Liverpool,28,1991,29,29,"2,610",4,1,0,0,1,0,0.14,0.03,0.17,0.14,0.17,2,2,1,0.07,0.03,0.1,0.07,0.1,Matches
469,Adam Webster,eng ENG,DF,Brighton,24,1995,23,23,"2,016",3,1,0,0,3,0,0.13,0.04,0.18,0.13,0.18,1,1,1.2,0.05,0.05,0.1,0.05,0.1,Matches
375,Rodri,es ESP,"MF,DF",Manchester City,23,1996,26,22,"1,957",3,1,0,0,7,0,0.14,0.05,0.18,0.14,0.18,0.9,0.9,1.3,0.04,0.06,0.1,0.04,0.1,Matches
323,Rúben Neves,pt POR,MF,Wolves,22,1997,29,26,"2,281",2,1,0,0,7,0,0.08,0.04,0.12,0.08,0.12,1.2,1.2,1.3,0.05,0.05,0.1,0.05,0.1,Matches
260,David Luiz,br BRA,DF,Arsenal,32,1987,25,25,"2,185",2,1,0,0,4,1,0.08,0.04,0.12,0.08,0.12,1.5,1.5,1,0.06,0.04,0.1,0.06,0.1,Matches
83,Ciaran Clark,ie IRL,DF,Newcastle Utd,29,1989,14,14,"1,188",2,0,0,0,3,0,0.15,0,0.15,0.15,0.15,1.2,1.2,0,0.09,0,0.1,0.09,0.1,Matches
293,Benjamin Mendy,fr FRA,DF,Manchester City,25,1994,14,13,"1,116",0,2,0,0,2,0,0,0.16,0.16,0,0.16,0.2,0.2,1.1,0.01,0.09,0.1,0.01,0.1,Matches
190,José Holebas,gr GRE,DF,Watford,35,1984,12,11,"1,006",0,0,0,0,5,0,0,0,0,0,0,0.4,0.4,0.7,0.04,0.07,0.1,0.04,0.1,Matches
33,George Baldock,eng ENG,DF,Sheffield Utd,26,1993,28,28,"2,520",2,3,0,0,6,0,0.07,0.11,0.18,0.07,0.18,0.5,0.5,1.8,0.02,0.07,0.09,0.02,0.09,Matches
319,Wilfred Ndidi,ng NGA,MF,Leicester City,22,1996,23,20,"1,892",2,1,0,0,3,0,0.1,0.05,0.14,0.1,0.14,1.5,1.5,0.4,0.07,0.02,0.09,0.07,0.09,Matches
135,Federico Fernández,ar ARG,DF,Newcastle Utd,30,1989,23,20,"1,808",2,1,0,0,4,0,0.1,0.05,0.15,0.1,0.15,1.4,1.4,0.3,0.07,0.02,0.09,0.07,0.09,Matches
128,Jonny Evans,nir NIR,DF,Leicester City,31,1988,29,29,"2,576",1,1,0,0,5,0,0.03,0.03,0.07,0.03,0.07,2.2,2.2,0.4,0.08,0.01,0.09,0.08,0.09,Matches
222,Michael Keane,eng ENG,DF,Everton,26,1993,22,19,"1,746",1,0,0,0,0,0,0.05,0,0.05,0.05,0.05,1.4,1.4,0.4,0.07,0.02,0.09,0.07,0.09,Matches
130,Fabinho,br BRA,MF,Liverpool,25,1993,20,15,"1,444",1,1,0,0,5,0,0.06,0.06,0.12,0.06,0.12,0.2,0.2,1.2,0.01,0.08,0.09,0.01,0.09,Matches
91,Jack Cork,eng ENG,MF,Burnley,30,1989,27,27,"2,368",0,0,0,0,1,0,0,0,0,0,0,1.8,1.8,0.7,0.07,0.03,0.09,0.07,0.09,Matches
173,Mattéo Guendouzi,fr FRA,MF,Arsenal,20,1999,22,17,"1,591",0,1,0,0,6,0,0,0.06,0.06,0,0.06,0.6,0.6,1.1,0.03,0.06,0.09,0.03,0.09,Matches
350,Erik Pieters,nl NED,DF,Burnley,30,1988,15,14,"1,234",0,3,0,0,1,0,0,0.22,0.22,0,0.22,0.2,0.2,1,0.01,0.07,0.09,0.01,0.09,Matches
87,Séamus Coleman,ie IRL,DF,Everton,30,1988,18,14,"1,192",0,1,0,0,5,1,0,0.08,0.08,0,0.08,0.6,0.6,0.6,0.04,0.04,0.09,0.04,0.09,Matches
89,Lewis Cook,eng ENG,MF,Bournemouth,22,1997,20,11,"1,004",0,0,0,0,3,0,0,0,0,0,0,0.2,0.2,0.8,0.02,0.07,0.09,0.02,0.09,Matches
327,Mark Noble,eng ENG,MF,West Ham,32,1987,26,26,"2,147",4,1,3,3,4,0,0.17,0.04,0.21,0.04,0.08,2.9,0.6,1.3,0.12,0.06,0.18,0.02,0.08,Matches
110,Issa Diop,fr FRA,DF,West Ham,22,1997,23,22,"1,956",3,0,0,0,8,0,0.14,0,0.14,0.14,0.14,1.4,1.4,0.3,0.06,0.01,0.08,0.06,0.08,Matches
105,Leander Dendoncker,be BEL,"DF,MF",Wolves,24,1995,29,26,"2,280",2,0,0,0,4,0,0.08,0,0.08,0.08,0.08,1.4,1.4,0.6,0.05,0.02,0.08,0.05,0.08,Matches
393,Fabian Schär,ch SUI,DF,Newcastle Utd,27,1991,18,15,"1,397",2,0,0,0,4,0,0.13,0,0.13,0.13,0.13,1.2,1.2,0.1,0.08,0.01,0.08,0.08,0.08,Matches
265,Harry Maguire,eng ENG,DF,Manchester Utd,26,1993,29,29,"2,610",1,1,0,0,4,0,0.03,0.03,0.07,0.03,0.07,1.8,1.8,0.5,0.06,0.02,0.08,0.06,0.08,Matches
417,Ça?lar Söyüncü,tr TUR,DF,Leicester City,23,1996,28,28,"2,520",1,1,0,0,4,0,0.04,0.04,0.07,0.04,0.07,2.1,2.1,0.2,0.08,0.01,0.08,0.08,0.08,Matches
74,Jonny Castro,es ESP,DF,Wolves,25,1994,26,25,"2,197",1,1,0,0,4,0,0.04,0.04,0.08,0.04,0.08,1.1,1.1,0.8,0.04,0.03,0.08,0.04,0.08,Matches
423,Jack Stephens,eng ENG,DF,Southampton,25,1994,21,20,"1,828",1,3,0,0,2,0,0.05,0.15,0.2,0.05,0.2,0.8,0.8,0.8,0.04,0.04,0.08,0.04,0.08,Matches
440,James Tomkins,eng ENG,DF,Crystal Palace,30,1989,18,18,"1,584",1,1,0,0,5,0,0.06,0.06,0.11,0.06,0.11,1.3,1.3,0.1,0.07,0.01,0.08,0.07,0.08,Matches
456,Jan Vertonghen,be BEL,DF,Tottenham,32,1987,19,18,"1,544",1,1,0,0,2,0,0.06,0.06,0.12,0.06,0.12,0.4,0.4,0.9,0.03,0.05,0.08,0.03,0.08,Matches
64,Dan Burn,eng ENG,DF,Brighton,27,1992,25,25,"2,149",0,0,0,0,4,0,0,0,0,0,0,0.7,0.7,1.1,0.03,0.04,0.08,0.03,0.08,Matches
174,Frederic Guilbert,fr FRA,DF,Aston Villa,24,1994,23,21,"1,900",0,2,0,0,7,0,0,0.09,0.09,0,0.09,0.3,0.3,1.4,0.01,0.07,0.08,0.01,0.08,Matches
147,Ryan Fredericks,eng ENG,DF,West Ham,26,1992,20,19,"1,688",0,2,0,0,5,0,0,0.11,0.11,0,0.11,0,0,1.5,0,0.08,0.08,0,0.08,Matches
481,Harry Winks,eng ENG,MF,Tottenham,23,1996,23,19,"1,594",0,0,0,0,8,0,0,0,0,0,0,0.4,0.4,0.9,0.02,0.05,0.08,0.02,0.08,Matches
82,Andreas Christensen,dk DEN,DF,Chelsea,23,1996,15,15,"1,257",0,0,0,0,5,0,0,0,0,0,0,0.5,0.5,0.5,0.04,0.04,0.08,0.04,0.08,Matches
285,James McCarthy,ie IRL,MF,Crystal Palace,28,1990,24,12,"1,172",0,0,0,0,6,0,0,0,0,0,0,0.3,0.3,0.7,0.02,0.05,0.08,0.02,0.08,Matches
301,Tyrone Mings,eng ENG,DF,Aston Villa,26,1993,23,23,"2,003",2,1,0,0,5,0,0.09,0.04,0.13,0.09,0.13,0.9,0.9,0.5,0.04,0.02,0.07,0.04,0.07,Matches
339,Sokratis Papastathopoulos,gr GRE,DF,Arsenal,31,1988,19,19,"1,697",2,0,0,0,6,0,0.11,0,0.11,0.11,0.11,1.1,1.1,0.2,0.06,0.01,0.07,0.06,0.07,Matches
437,Alexander Tettey,no NOR,"MF,DF",Norwich City,33,1986,23,21,"1,791",1,1,0,0,4,0,0.05,0.05,0.1,0.05,0.1,0.7,0.7,0.8,0.03,0.04,0.07,0.03,0.07,Matches
457,Jannik Vestergaard,dk DEN,DF,Southampton,26,1992,14,13,"1,136",1,0,0,0,2,0,0.08,0,0.08,0.08,0.08,0.8,0.8,0.1,0.06,0.01,0.07,0.06,0.07,Matches
292,Ben Mee,eng ENG,DF,Burnley,29,1989,29,29,"2,610",0,1,0,0,7,0,0,0.03,0.03,0,0.03,1.5,1.5,0.6,0.05,0.02,0.07,0.05,0.07,Matches
218,Christian Kabasele,be BEL,DF,Watford,28,1991,19,18,"1,574",0,1,0,0,3,2,0,0.06,0.06,0,0.06,0.9,0.9,0.3,0.05,0.02,0.07,0.05,0.07,Matches
411,Adam Smith,eng ENG,DF,Bournemouth,28,1991,18,18,"1,560",0,1,0,0,6,0,0,0.06,0.06,0,0.06,0.6,0.6,0.6,0.03,0.04,0.07,0.03,0.07,Matches
132,Kiko Femenía,es ESP,DF,Watford,28,1991,19,17,"1,526",0,0,0,0,5,0,0,0,0,0,0,0.1,0.1,1.2,0.01,0.07,0.07,0.01,0.07,Matches
259,Matthew Lowton,eng ENG,DF,Burnley,30,1989,15,15,"1,350",0,1,0,0,2,0,0,0.07,0.07,0,0.07,0,0,1.1,0,0.07,0.07,0,0.07,Matches
401,Luke Shaw,eng ENG,DF,Manchester Utd,24,1995,18,14,"1,235",0,0,0,0,5,0,0,0,0,0,0,0.4,0.4,0.6,0.03,0.04,0.07,0.03,0.07,Matches
332,Angelo Ogbonna,it ITA,DF,West Ham,31,1988,24,24,"2,160",2,0,0,0,4,0,0.08,0,0.08,0.08,0.08,1.5,1.5,0,0.06,0,0.06,0.06,0.06,Matches
381,Antonio Rüdiger,de GER,DF,Chelsea,26,1993,13,13,"1,125",2,0,0,0,3,0,0.16,0,0.16,0.16,0.16,0.4,0.4,0.3,0.04,0.02,0.06,0.04,0.06,Matches
10,Toby Alderweireld,be BEL,DF,Tottenham,30,1989,27,27,"2,418",1,2,0,0,4,0,0.04,0.07,0.11,0.04,0.11,0.8,0.8,0.9,0.03,0.03,0.06,0.03,0.06,Matches
126,Björn Engels,be BEL,DF,Aston Villa,24,1994,17,15,"1,447",1,0,0,0,1,0,0.06,0,0.06,0.06,0.06,0.9,0.9,0.1,0.05,0.01,0.06,0.05,0.06,Matches
276,Adam Masina,it ITA,DF,Watford,25,1994,17,13,"1,222",1,0,0,0,3,0,0.07,0,0.07,0.07,0.07,0.3,0.3,0.5,0.02,0.04,0.06,0.02,0.06,Matches
366,Declan Rice,eng ENG,MF,West Ham,20,1999,29,29,"2,610",0,2,0,0,5,0,0,0.07,0.07,0,0.07,0.7,0.7,1.1,0.02,0.04,0.06,0.02,0.06,Matches
123,John Egan,ie IRL,DF,Sheffield Utd,26,1992,27,27,"2,419",0,0,0,0,2,0,0,0,0,0,0,1.4,1.4,0.1,0.05,0,0.06,0.05,0.06,Matches
422,Dale Stephens,eng ENG,MF,Brighton,30,1989,24,22,"1,944",0,1,0,0,6,0,0,0.05,0.05,0,0.05,0.5,0.5,0.7,0.02,0.03,0.06,0.02,0.06,Matches
67,Gary Cahill,eng ENG,DF,Crystal Palace,33,1985,20,20,"1,800",0,1,0,0,1,0,0,0.05,0.05,0,0.05,1,1,0.3,0.05,0.01,0.06,0.05,0.06,Matches
224,Martin Kelly,eng ENG,DF,Crystal Palace,29,1990,19,17,"1,550",0,1,0,0,0,0,0,0.06,0.06,0,0.06,0.1,0.1,0.9,0.01,0.05,0.06,0.01,0.06,Matches
435,Charlie Taylor,eng ENG,DF,Burnley,25,1993,17,15,"1,376",0,0,0,0,3,0,0,0,0,0,0,0,0,0.9,0,0.06,0.06,0,0.06,Matches
90,Steve Cook,eng ENG,DF,Bournemouth,28,1991,22,22,"1,849",1,0,0,0,4,1,0.05,0,0.05,0.05,0.05,0.7,0.7,0.3,0.03,0.01,0.05,0.03,0.05,Matches
441,Fikayo Tomori,eng ENG,DF,Chelsea,21,1997,15,15,"1,293",1,0,0,0,3,0,0.07,0,0.07,0.07,0.07,0.6,0.6,0.2,0.04,0.01,0.05,0.04,0.05,Matches
38,Chris Basham,eng ENG,DF,Sheffield Utd,31,1988,28,28,"2,440",0,0,0,0,4,0,0,0,0,0,0,0.6,0.6,0.7,0.02,0.03,0.05,0.02,0.05,Matches
136,Fernandinho,br BRA,DF,Manchester City,34,1985,23,22,"1,997",0,0,0,0,8,1,0,0,0,0,0,0.8,0.8,0.3,0.04,0.01,0.05,0.04,0.05,Matches
483,Granit Xhaka,ch SUI,MF,Arsenal,26,1992,22,22,"1,908",0,1,0,0,7,0,0,0.05,0.05,0,0.05,0.2,0.2,0.9,0.01,0.04,0.05,0.01,0.05,Matches
101,Craig Dawson,eng ENG,DF,Watford,29,1990,20,17,"1,549",0,0,0,0,4,0,0,0,0,0,0,0.8,0.8,0,0.05,0,0.05,0.05,0.05,Matches
178,Grant Hanley,sco SCO,DF,Norwich City,27,1991,15,14,"1,262",0,0,0,0,4,0,0,0,0,0,0,0.6,0.6,0,0.04,0,0.05,0.04,0.05,Matches
272,Adrian Mariappa,jm JAM,DF,Watford,32,1986,15,13,"1,226",0,0,0,0,4,1,0,0,0,0,0,0.3,0.3,0.4,0.02,0.03,0.05,0.02,0.05,Matches
229,Ezri Konsa,eng ENG,DF,Aston Villa,21,1998,15,14,"1,199",0,2,0,0,1,0,0,0.15,0.15,0,0.15,0.6,0.6,0.1,0.05,0.01,0.05,0.05,0.05,Matches
397,Morgan Schneiderlin,fr FRA,MF,Everton,29,1989,15,12,"1,003",0,0,0,0,6,1,0,0,0,0,0,0.3,0.3,0.2,0.03,0.01,0.05,0.03,0.05,Matches
248,Jamal Lewis,nir NIR,DF,Norwich City,21,1998,19,16,"1,498",1,0,0,0,2,0,0.06,0,0.06,0.06,0.06,0.3,0.3,0.4,0.02,0.02,0.04,0.02,0.04,Matches
318,Marvelous Nakamba,zw ZIM,MF,Aston Villa,25,1994,21,18,"1,634",0,0,0,0,4,0,0,0,0,0,0,0.2,0.2,0.5,0.01,0.03,0.04,0.01,0.04,Matches
378,Oriol Romeu,es ESP,MF,Southampton,27,1991,22,13,"1,308",0,0,0,0,3,0,0,0,0,0,0,0.2,0.2,0.3,0.01,0.02,0.04,0.01,0.04,Matches
34,Phil Bardsley,sco SCO,DF,Burnley,34,1985,14,14,"1,260",0,1,0,0,4,0,0,0.07,0.07,0,0.07,0.2,0.2,0.3,0.01,0.02,0.04,0.01,0.04,Matches
450,Tom Trybull,de GER,MF,Norwich City,26,1993,14,12,"1,029",0,0,0,0,2,0,0,0,0,0,0,0.4,0.4,0,0.04,0,0.04,0.04,0.04,Matches
41,Jan Bednarek,pl POL,DF,Southampton,23,1996,27,27,"2,428",1,0,0,0,3,0,0.04,0,0.04,0.04,0.04,0.8,0.8,0.1,0.03,0,0.03,0.03,0.03,Matches
249,Victor Lindelöf,se SWE,DF,Manchester Utd,25,1994,26,26,"2,340",1,0,0,0,5,0,0.04,0,0.04,0.04,0.04,0.4,0.4,0.4,0.01,0.02,0.03,0.01,0.03,Matches
241,Jamaal Lascelles,eng ENG,DF,Newcastle Utd,25,1993,19,19,"1,632",1,0,0,0,2,0,0.06,0,0.06,0.06,0.06,0.3,0.3,0.1,0.02,0.01,0.03,0.02,0.03,Matches
391,Davinson Sánchez,co COL,DF,Tottenham,23,1996,22,21,"1,890",0,0,0,0,5,0,0,0,0,0,0,0.7,0.7,0,0.03,0,0.03,0.03,0.03,Matches
160,Ben Godfrey,eng ENG,DF,Norwich City,21,1998,21,21,"1,835",0,0,0,0,2,1,0,0,0,0,0,0.6,0.6,0,0.03,0,0.03,0.03,0.03,Matches
492,Kurt Zouma,fr FRA,DF,Chelsea,24,1994,22,19,"1,803",0,0,0,0,5,0,0,0,0,0,0,0.6,0.6,0,0.03,0,0.03,0.03,0.03,Matches
490,Christoph Zimmermann,de GER,DF,Norwich City,26,1993,15,15,"1,296",0,1,0,0,2,0,0,0.07,0.07,0,0.07,0.4,0.4,0,0.03,0,0.03,0.03,0.03,Matches
104,Fabian Delph,eng ENG,MF,Everton,29,1989,16,13,"1,189",0,0,0,0,5,1,0,0,0,0,0,0.1,0.1,0.3,0,0.03,0.03,0,0.03,Matches
55,Willy Boly,fr FRA,DF,Wolves,28,1991,13,13,"1,169",0,1,0,0,3,1,0,0.08,0.08,0,0.08,0,0,0.3,0,0.03,0.03,0,0.03,Matches
86,Conor Coady,eng ENG,DF,Wolves,26,1993,29,29,"2,610",0,0,0,0,3,0,0,0,0,0,0,0,0,0.5,0,0.02,0.02,0,0.02,Matches
353,Nick Pope,eng ENG,GK,Burnley,27,1992,29,29,"2,610",0,0,0,0,0,0,0,0,0,0,0,0,0,0.6,0,0.02,0.02,0,0.02,Matches
12,Alisson,br BRA,GK,Liverpool,26,1992,20,20,"1,734",0,1,0,0,0,1,0,0.05,0.05,0,0.05,0,0,0.4,0,0.02,0.02,0,0.02,Matches
153,Paulo Gazzaniga,ar ARG,GK,Tottenham,27,1992,18,17,"1,612",0,0,0,0,1,0,0,0,0,0,0,0,0,0.4,0,0.02,0.02,0,0.02,Matches
467,Joel Ward,eng ENG,DF,Crystal Palace,29,1989,20,18,"1,573",0,0,0,0,3,0,0,0,0,0,0,0.1,0.1,0.2,0.01,0.01,0.02,0.01,0.02,Matches
396,Kasper Schmeichel,dk DEN,GK,Leicester City,32,1986,29,29,"2,610",0,0,0,0,2,0,0,0,0,0,0,0,0,0.2,0,0.01,0.01,0,0.01,Matches
75,Craig Cathcart,nir NIR,DF,Watford,30,1989,27,27,"2,355",0,0,0,0,6,0,0,0,0,0,0,0.1,0.1,0.1,0,0,0.01,0,0.01,Matches
163,Joe Gomez,eng ENG,DF,Liverpool,22,1997,19,14,"1,276",0,0,0,0,3,0,0,0,0,0,0,0,0,0.1,0,0.01,0.01,0,0.01,Matches
120,Paul Dummett,wal WAL,DF,Newcastle Utd,27,1991,16,14,"1,229",0,0,0,0,2,0,0,0,0,0,0,0,0,0.1,0,0.01,0.01,0,0.01,Matches
117,Martin Dúbravka,sk SVK,GK,Newcastle Utd,30,1989,29,29,"2,610",0,0,0,0,0,0,0,0,0,0,0,0,0,0,0,0,0,0,0,Matches
141,Ben Foster,eng ENG,GK,Watford,36,1983,29,29,"2,610",0,0,0,0,1,0,0,0,0,0,0,0.1,0.1,0,0,0,0,0,0,Matches
155,David de Gea,es ESP,GK,Manchester Utd,28,1990,29,29,"2,610",0,0,0,0,2,0,0,0,0,0,0,0,0,0,0,0,0,0,0,Matches
341,Rui Patrício,pt POR,GK,Wolves,31,1988,29,29,"2,610",0,0,0,0,0,0,0,0,0,0,0,0,0,0,0,0,0,0,0,Matches
348,Jordan Pickford,eng ENG,GK,Everton,25,1994,29,29,"2,610",0,0,0,0,1,0,0,0,0,0,0,0,0,0,0,0,0,0,0,Matches
383,Mathew Ryan,au AUS,GK,Brighton,27,1992,29,29,"2,610",0,0,0,0,0,0,0,0,0,0,0,0,0,0,0,0,0,0,0,Matches
246,Bernd Leno,de GER,GK,Arsenal,27,1992,28,28,"2,520",0,0,0,0,2,0,0,0,0,0,0,0,0,0,0,0,0,0,0,Matches
361,Aaron Ramsdale,eng ENG,GK,Bournemouth,21,1998,28,28,"2,520",0,1,0,0,0,0,0,0.04,0.04,0,0.04,0,0,0,0,0,0,0,0,Matches
172,Vicente Guaita,es ESP,GK,Crystal Palace,32,1987,27,27,"2,430",0,0,0,0,1,0,0,0,0,0,0,0,0,0,0,0,0,0,0,Matches
182,Dean Henderson,eng ENG,GK,Sheffield Utd,22,1997,27,27,"2,430",0,0,0,0,2,0,0,0,0,0,0,0,0,0,0,0,0,0,0,Matches
233,Tim Krul,nl NED,GK,Norwich City,31,1988,27,27,"2,430",0,0,0,0,4,0,0,0,0,0,0,0,0,0,0,0,0,0,0,Matches
24,Kepa Arrizabalaga,es ESP,GK,Chelsea,24,1994,25,25,"2,250",0,0,0,0,0,0,0,0,0,0,0,0,0,0,0,0,0,0,0,Matches
122,Ederson,br BRA,GK,Manchester City,25,1993,25,25,"2,171",0,0,0,0,3,1,0,0,0,0,0,0,0,0,0,0,0,0,0,Matches
181,Tom Heaton,eng ENG,GK,Aston Villa,33,1986,20,20,"1,795",0,0,0,0,0,0,0,0,0,0,0,0,0,0,0,0,0,0,0,Matches
284,Alex McCarthy,eng ENG,GK,Southampton,29,1989,19,19,"1,710",0,0,0,0,0,0,0,0,0,0,0,0,0,0,0,0,0,0,0,Matches
129,?ukasz Fabia?ski,pl POL,GK,West Ham,34,1985,16,16,"1,309",0,0,0,0,1,0,0,0,0,0,0,0,0,0,0,0,0,0,0,Matches